Предмет;Статус;Редкость;Цена;Причина
d8-кубик;авто;common;15;
Автомат;вручную;;;сложный текст: не собирается из базовых действий без новых механик
Алмазное зелье;вручную;;;сложный текст: не собирается из базовых действий без новых механик
Апельсин;авто;common;20;
Банан;авто;common;10;
Банка маринованных кубов;вручную;;;сложный текст: не собирается из базовых действий без новых механик
Барбекю-огнемет;вручную;;;сложный текст: не собирается из базовых действий без новых механик
Баунти;авто;common;12;
Башмак;вручную;;;сложный текст: не собирается из базовых действий без новых механик
Бегемот;вручную;;;сложный текст: не собирается из базовых действий без новых механик
Безе;вручную;;;сложный текст: не собирается из базовых действий без новых механик
Безумная волына;вручную;;;сложный текст: не собирается из базовых действий без новых механик
Беконатор;исключён;;;зависит от онлайна
Белый мед;вручную;;;сложный текст: не собирается из базовых действий без новых механик
Бешеный Огурец;исключён;;;зависит от онлайна
Большой Птичкерс;исключён;;;зависит от онлайна
Брокколи;авто;epic;30;
Бублик;вручную;;;сложный текст: не собирается из базовых действий без новых механик
Бумеранг;вручную;;;сложный текст: не собирается из базовых действий без новых механик
Вампирское лассо;вручную;;;сложный текст: не собирается из базовых действий без новых механик
Варенье;исключён;;;зависит от времени суток
Винтовка;вручную;;;сложный текст: не собирается из базовых действий без новых механик
Вишенка;авто;common;;
Водоросли;исключён;;;хлам и крафт
Водяная пушка;вручную;;;сложный текст: не собирается из базовых действий без новых механик
Водяной пистолет;исключён;;;зависит от онлайна
Воздушный Змей;исключён;;;зависит от места в лидерборде
Волшебный Гремлинский Дождь;вручную;;;сложный текст: не собирается из базовых действий без новых механик
Волшебный Крысиный Дождь;вручную;;;сложный текст: не собирается из базовых действий без новых механик
Восьмибитная Крыса;исключён;;;проверка по словам в названиях
Вьючная крыса;вручную;;;сложный текст: не собирается из базовых действий без новых механик
Гадюшник;исключён;;;зависит от онлайна
Гандонопитек;авто;epic;40;
Гибрид;вручную;;;сложный текст: не собирается из базовых действий без новых механик
Гидразинокарбонилметилбромфенилдигидробенздиазепин;вручную;;;сложный текст: не собирается из базовых действий без новых механик
Голый пистолет;вручную;;;сложный текст: не собирается из базовых действий без новых механик
Граната;авто;common;;
Гремлин;авто;common;;
Гремлин-Санта;авто;common;15;
Гремлин-следопыт;вручную;;;сложный текст: не собирается из базовых действий без новых механик
Гремлинизатор;вручную;;;сложный текст: не собирается из базовых действий без новых механик
Гремлинская катапульта;вручную;;;сложный текст: не собирается из базовых действий без новых механик
Гремлинская пощечина;вручную;;;сложный текст: не собирается из базовых действий без новых механик
Гремлинум;вручную;;;сложный текст: не собирается из базовых действий без новых механик
Гриб-невидимка;вручную;;;сложный текст: не собирается из базовых действий без новых механик
Гриб-полиморф;исключён;;;зависит от времени суток
Два вора и монета;вручную;;;сложный текст: не собирается из базовых действий без новых механик
Двойной Гремлин;авто;common;15;
Двойной Птичкерс;авто;common;25;
Дерево Рыбный Суп;исключён;;;зависит от онлайна
Джокер;вручную;;;сложный текст: не собирается из базовых действий без новых механик
Динамит;авто;common;;
Длинная палка;вручную;;;сложный текст: не собирается из базовых действий без новых механик
Добрая Крыса;авто;epic;35;
Добрый посыл;вручную;;;сложный текст: не собирается из базовых действий без новых механик
Дракарис;вручную;;;сложный текст: не собирается из базовых действий без новых механик
Дробовик;вручную;;;сложный текст: не собирается из базовых действий без новых механик
Дробовик сконцетрированного удара;вручную;;;сложный текст: не собирается из базовых действий без новых механик
Дыня;вручную;;;сложный текст: не собирается из базовых действий без новых механик
Дырявый сапог;исключён;;;нужны действия вне сайта или ведущего
Дьявольская печать;исключён;;;нужны действия вне сайта или ведущего
Ебануто живучая свинья;авто;legendary;80;
Ежик;исключён;;;зависит от онлайна
Ездовой дракон;авто;epic;45;
Ездовой кот;вручную;;;сложный текст: не собирается из базовых действий без новых механик
Жабье зелье;вручную;;;сложный текст: не собирается из базовых действий без новых механик
Жесткая шляпа;исключён;;;хлам и крафт
Заблудившийся Птичкерс;авто;common;15;
Запаянный Крысиный Сундук;вручную;;;сложный текст: не собирается из базовых действий без новых механик
Запаянный Оружейный Сундук;вручную;;;сложный текст: не собирается из базовых действий без новых механик
Запретное зелье;вручную;;;сложный текст: не собирается из базовых действий без новых механик
Зеленая маслина;вручную;;;сложный текст: не собирается из базовых действий без новых механик
Зеленый детонатор;исключён;;;зависит от онлайна
Зелье абсолюции;исключён;;;зависит от онлайна
Зелье бабушки;исключён;;;зависит от онлайна
Зелье вампиризма;вручную;;;сложный текст: не собирается из базовых действий без новых механик
Зелье ветра;вручную;;;сложный текст: не собирается из базовых действий без новых механик
Зелье времени;авто;common;20;
Зелье выхода из минусов;вручную;;;сложный текст: не собирается из базовых действий без новых механик
Зелье Горячительного взрыва;вручную;;;сложный текст: не собирается из базовых действий без новых механик
Зелье гравитационных волн;исключён;;;зависит от онлайна
Зелье дневной помощи;вручную;;;сложный текст: не собирается из базовых действий без новых механик
Зелье заговора;вручную;;;сложный текст: не собирается из базовых действий без новых механик
Зелье золотой лихорадки;вручную;;;сложный текст: не собирается из базовых действий без новых механик
Зелье Крысиного Разрушения;вручную;;;сложный текст: не собирается из базовых действий без новых механик
Зелье лозы;авто;common;25;
Зелье лудомана;исключён;;;бесконечная цепочка бросков монетки
Зелье мизантропа;вручную;;;сложный текст: не собирается из базовых действий без новых механик
Зелье ночной помощи;вручную;;;сложный текст: не собирается из базовых действий без новых механик
Зелье позитивной вибрации;исключён;;;зависит от онлайна
Зелье превентивного удара;исключён;;;зависит от онлайна
Зелье прогревухи;вручную;;;сложный текст: не собирается из базовых действий без новых механик
Зелье разложения;исключён;;;зависит от онлайна
Зелье реставрации оружия;исключён;;;зависит от онлайна
Зелье света;вручную;;;сложный текст: не собирается из базовых действий без новых механик
Зелье свинцового дождя;вручную;;;сложный текст: не собирается из базовых действий без новых механик
Зелье сильной тряски;исключён;;;зависит от онлайна
Зелье смрада;вручную;;;сложный текст: не собирается из базовых действий без новых механик
Зелье совершенствования человечества;исключён;;;зависит от онлайна
Зелье совестливых решений;вручную;;;сложный текст: не собирается из базовых действий без новых механик
Зелье стамины;вручную;;;сложный текст: не собирается из базовых действий без новых механик
Зелье тактического отступления;авто;common;20;
Зелье трансфигурации;исключён;;;зависит от онлайна
Зелье тряски;исключён;;;зависит от онлайна
Зелье филантропа;вручную;;;сложный текст: не собирается из базовых действий без новых механик
Зелье финального аккорда;вручную;;;сложный текст: не собирается из базовых действий без новых механик
Зелье Холодильного взрыва;вручную;;;сложный текст: не собирается из базовых действий без новых механик
Зелье цунами;вручную;;;сложный текст: не собирается из базовых действий без новых механик
Змеиная корона;вручную;;;сложный текст: не собирается из базовых действий без новых механик
Змей Горыныч;вручную;;;сложный текст: не собирается из базовых действий без новых механик
Значок старшего детектива Нямуры;вручную;;;сложный текст: не собирается из базовых действий без новых механик
Золотая Граната;исключён;;;золотые версии: бесконечные цепочки
Золотая Крыса;исключён;;;золотые версии: бесконечные цепочки
Золотая Свинья;исключён;;;золотые версии: бесконечные цепочки
Золотая Шляпа;исключён;;;золотые версии: бесконечные цепочки
Золотое Светлое Пиво;исключён;;;золотые версии: бесконечные цепочки
Золотое Темное Пиво;исключён;;;золотые версии: бесконечные цепочки
Золотой Гремлин;исключён;;;золотые версии: бесконечные цепочки
Золотой Динамит;исключён;;;золотые версии: бесконечные цепочки
Золотой Лутбокс;исключён;;;золотые версии: бесконечные цепочки
Золотой Птичкерс;исключён;;;золотые версии: бесконечные цепочки
Золотой реролл;исключён;;;золотые версии: бесконечные цепочки
Золотые Сапоги-скороходы;исключён;;;золотые версии: бесконечные цепочки
Изумрудный поток;исключён;;;зависит от онлайна
Инферно;вручную;;;сложный текст: не собирается из базовых действий без новых механик
Йогурт;вручную;;;сложный текст: не собирается из базовых действий без новых механик
К.Е.К.;вручную;;;сложный текст: не собирается из базовых действий без новых механик
Кабачок;исключён;;;зависит от онлайна
Кал;исключён;;;хлам и крафт
Карамелька;вручную;;;сложный текст: не собирается из базовых действий без новых механик
Карандаш;вручную;;;сложный текст: не собирается из базовых действий без новых механик
Карп;вручную;;;сложный текст: не собирается из базовых действий без новых механик
Катапульта;вручную;;;сложный текст: не собирается из базовых действий без новых механик
Квантовый прыжок;вручную;;;сложный текст: не собирается из базовых действий без новых механик
Кексик;авто;common;10;
Кефир;авто;epic;40;
Килька;вручную;;;сложный текст: не собирается из базовых действий без новых механик
Китайский Змеевидный Огурец;исключён;;;зависит от онлайна
Клавиша «R»;авто;common;26;
Клубничка;авто;common;;
Колобок;исключён;;;зависит от онлайна
Конфетка;авто;common;10;
Конченый кубик;вручную;;;сложный текст: не собирается из базовых действий без новых механик
Копье;авто;common;;
Котик;вручную;;;сложный текст: не собирается из базовых действий без новых механик
Кофе;вручную;;;сложный текст: не собирается из базовых действий без новых механик
Красная кнопка;вручную;;;сложный текст: не собирается из базовых действий без новых механик
Красная маслина;вручную;;;сложный текст: не собирается из базовых действий без новых механик
Красное ружье;вручную;;;сложный текст: не собирается из базовых действий без новых механик
Кредитка КрысПоинтБанка;вручную;;;сложный текст: не собирается из базовых действий без новых механик
Кредитный кубик;вручную;;;сложный текст: не собирается из базовых действий без новых механик
Крот;вручную;;;сложный текст: не собирается из базовых действий без новых механик
Круговерть пустоты;вручную;;;сложный текст: не собирается из базовых действий без новых механик
Крыжовник;авто;common;;
Крыйсер Аврора;исключён;;;зависит от онлайна
Крыса;авто;common;;
Крыса Шредингера;авто;common;;
Крыса-Гэндальф;вручную;;;сложный текст: не собирается из базовых действий без новых механик
Крыса-жулик;авто;common;;
Крыса-Золушка;исключён;;;зависит от времени суток
Крыса-изгой;вручную;;;сложный текст: не собирается из базовых действий без новых механик
Крыса-кьюкьюшка;авто;common;;
Крыса-оборотень;исключён;;;зависит от времени суток
Крыса-Рэмбо;вручную;;;сложный текст: не собирается из базовых действий без новых механик
Крыса-старьевщик;вручную;;;сложный текст: не собирается из базовых действий без новых механик
Крыса-стесняшка;вручную;;;сложный текст: не собирается из базовых действий без новых механик
Крысенштекс;авто;common;;
Крысинатор;исключён;;;зависит от онлайна
Крысиная Безжалостная Армия;вручную;;;сложный текст: не собирается из базовых действий без новых механик
Крысиная пушка;вручную;;;сложный текст: не собирается из базовых действий без новых механик
Крысинум;вручную;;;сложный текст: не собирается из базовых действий без новых механик
Крысиный Бог;вручную;;;сложный текст: не собирается из базовых действий без новых механик
Крысиный король;вручную;;;сложный текст: не собирается из базовых действий без новых механик
Крысиный Лутбокс;авто;epic;50;
Крысиный мутаген;вручную;;;сложный текст: не собирается из базовых действий без новых механик
Крысиный реролл;вручную;;;сложный текст: не собирается из базовых действий без новых механик
Крыссовки;вручную;;;сложный текст: не собирается из базовых действий без новых механик
Крысталлизатор;вручную;;;сложный текст: не собирается из базовых действий без новых механик
Крыстофер Робин;исключён;;;зависит от онлайна
Крыстраж;исключён;;;зависит от онлайна
Кубик второго шанса;авто;common;;
Кубик жадности;вручную;;;сложный текст: не собирается из базовых действий без новых механик
Кубик квантовой суперпозиции;вручную;;;сложный текст: не собирается из базовых действий без новых механик
Кубик крайности;вручную;;;сложный текст: не собирается из базовых действий без новых механик
Кубик Романа;авто;common;;
Кубик сахара;авто;common;;
Кубик слияния;вручную;;;сложный текст: не собирается из базовых действий без новых механик
Кубиковый Лутбокс;авто;epic;50;
Кубическая крыса;исключён;;;проверка по словам в названиях
Кубическое седло;вручную;;;сложный текст: не собирается из базовых действий без новых механик
Кукумберка;вручную;;;сложный текст: не собирается из базовых действий без новых механик
Купон на 100% скидку;вручную;;;сложный текст: не собирается из базовых действий без новых механик
Лаваш;вручную;;;сложный текст: не собирается из базовых действий без новых механик
Легендарная Крыса Сноубоя;вручную;;;сложный текст: не собирается из базовых действий без новых механик
Легендарная Морковка;исключён;;;зависит от места в лидерборде
Легендарная Отмычка;вручную;;;сложный текст: не собирается из базовых действий без новых механик
Легендарная Перчатка Шнума;исключён;;;нужны действия вне сайта или ведущего
Легендарная Пиранья;исключён;;;зависит от онлайна
Легендарная Пицца Нойки;вручную;;;сложный текст: не собирается из базовых действий без новых механик
Легендарная Помощь Расти;вручную;;;сложный текст: не собирается из базовых действий без новых механик
Легендарная Ромашка Култхарда;исключён;;;хлам и крафт
Легендарная Ультразвуковая Пушка Аляски;исключён;;;зависит от онлайна
Легендарная Фея;исключён;;;зависит от онлайна
Легендарное Вампирское Лассо Амелии;вручную;;;сложный текст: не собирается из базовых действий без новых механик
Легендарный Cнаряд;исключён;;;зависит от онлайна
Легендарный Арбузик АлоэКоалы;вручную;;;сложный текст: не собирается из базовых действий без новых механик
Легендарный Бегемот Хакона;вручную;;;сложный текст: не собирается из базовых действий без новых механик
Легендарный Вампиризм Милирей;исключён;;;зависит от онлайна
Легендарный Гарпун Марисона;вручную;;;сложный текст: не собирается из базовых действий без новых механик
Легендарный Гремлин Феникса;вручную;;;сложный текст: не собирается из базовых действий без новых механик
Легендарный Ездовой Кот Пинг;вручную;;;сложный текст: не собирается из базовых действий без новых механик
Легендарный Зельесос;исключён;;;зависит от онлайна
Легендарный Золотой Кубик;исключён;;;бесконечная цепочка бросков монетки
Легендарный Кал;вручную;;;сложный текст: не собирается из базовых действий без новых механик
Легендарный Карп;вручную;;;сложный текст: не собирается из базовых действий без новых механик
Легендарный Крисалид Лилы;вручную;;;сложный текст: не собирается из базовых действий без новых механик
Легендарный Лещ;вручную;;;сложный текст: не собирается из базовых действий без новых механик
Легендарный Лутбокс;авто;legendary;100;
Легендарный Меч правосудия Сани;вручную;;;сложный текст: не собирается из базовых действий без новых механик
Легендарный Мусоровоз;исключён;;;зависит от онлайна
Легендарный Птичкерс ИгоряГХК;вручную;;;сложный текст: не собирается из базовых действий без новых механик
Легендарный Талон Хори;вручную;;;сложный текст: не собирается из базовых действий без новых механик
Легендарный Томагавк Ковра;авто;legendary;;
Легендарный Томат;исключён;;;зависит от места в лидерборде
Ложечка;исключён;;;зависит от онлайна
Лягушоид;авто;common;20;
Магический револьвер;вручную;;;сложный текст: не собирается из базовых действий без новых механик
Магнитный кубик;исключён;;;зависит от онлайна
Малинка;авто;common;;
Манул;вручную;;;сложный текст: не собирается из базовых действий без новых механик
Маринованный огурчик;исключён;;;зависит от онлайна
Матрешка;вручную;;;сложный текст: не собирается из базовых действий без новых механик
Машина времени;вручную;;;сложный текст: не собирается из базовых действий без новых механик
Медведь;вручную;;;сложный текст: не собирается из базовых действий без новых механик
Медвежатник;вручную;;;сложный текст: не собирается из базовых действий без новых механик
Медовый реролл;вручную;;;сложный текст: не собирается из базовых действий без новых механик
Метеоритная Шляпа;вручную;;;сложный текст: не собирается из базовых действий без новых механик
Меч правосудия;исключён;;;нужны действия вне сайта или ведущего
Меч тысячи истин;вручную;;;сложный текст: не собирается из базовых действий без новых механик
Мешочек с каменной пылью от пениса Давида;вручную;;;сложный текст: не собирается из базовых действий без новых механик
Мини-акула;вручную;;;сложный текст: не собирается из базовых действий без новых механик
Мифическая Крыса;исключён;;;зависит от онлайна
Мифическая Фея;исключён;;;зависит от онлайна
Мифические Сапоги-скороходы;авто;legendary;;
Мифический Бегемот;исключён;;;зависит от онлайна
Мифический Гремлин;исключён;;;зависит от онлайна
Мифический Золотой Кубик;исключён;;;бесконечная цепочка бросков монетки
Мифический Лутбокс;авто;legendary;200;
Мифический Птичкерс;вручную;;;сложный текст: не собирается из базовых действий без новых механик
Мифическое Варенье;авто;legendary;;
Могвай;исключён;;;зависит от времени суток
Могвайская пушка;вручную;;;сложный текст: не собирается из базовых действий без новых механик
Моллюск;вручную;;;сложный текст: не собирается из базовых действий без новых механик
Морковка;исключён;;;бесконечная цепочка бросков монетки
Морская капуста;авто;common;10;
Морской огурец;исключён;;;зависит от онлайна
Морф-ружье;вручную;;;сложный текст: не собирается из базовых действий без новых механик
Мощная шляпа;исключён;;;хлам и крафт
Мухомор;авто;epic;35;
Мшистый шарф;авто;epic;30;
Мясная пушка;вручную;;;сложный текст: не собирается из базовых действий без новых механик
Накладной клюв;вручную;;;сложный текст: не собирается из базовых действий без новых механик
Неактивированный уголь;исключён;;;нужны действия вне сайта или ведущего
Невероятная шляпа;исключён;;;хлам и крафт
Негативное ружье;вручную;;;сложный текст: не собирается из базовых действий без новых механик
Неизвестный гриб;вручную;;;сложный текст: не собирается из базовых действий без новых механик
Необычная винтовка;вручную;;;сложный текст: не собирается из базовых действий без новых механик
Нитзолота;вручную;;;сложный текст: не собирается из базовых действий без новых механик
Ночная крыса;вручную;;;сложный текст: не собирается из базовых действий без новых механик
Ночной Птичкерс;вручную;;;сложный текст: не собирается из базовых действий без новых механик
Облеванная сова;вручную;;;сложный текст: не собирается из базовых действий без новых механик
Огненный Птичкерс;авто;common;15;
Огурец;исключён;;;зависит от онлайна
Окунь;вручную;;;сложный текст: не собирается из базовых действий без новых механик
Онигири;вручную;;;сложный текст: не собирается из базовых действий без новых механик
Оружейный Лутбокс;авто;epic;50;
Оружинатор;исключён;;;зависит от онлайна
Оса;исключён;;;зависит от онлайна
Осколок кубика;исключён;;;нужны действия вне сайта или ведущего
Открывалка;исключён;;;зависит от онлайна
Охранное зелье;вручную;;;сложный текст: не собирается из базовых действий без новых механик
Очень предприимчивый Гремлин;вручную;;;сложный текст: не собирается из базовых действий без новых механик
золотаая Крыса;исключён;;;золотые версии: бесконечные цепочки
золотаая машина времени;исключён;;;золотые версии: бесконечные цепочки
золотаый растворитель;исключён;;;золотые версии: бесконечные цепочки
золотонавт;исключён;;;золотые версии: бесконечные цепочки
Паук;вручную;;;сложный текст: не собирается из базовых действий без новых механик
Пенис Давида;вручную;;;сложный текст: не собирается из базовых действий без новых механик
Перезревший огурец;исключён;;;хлам и крафт
Пинковоз;исключён;;;зависит от онлайна
Пиранья;вручную;;;сложный текст: не собирается из базовых действий без новых механик
Пистолет;авто;common;;
Пицца;авто;epic;30;
Плавильня;вручную;;;сложный текст: не собирается из базовых действий без новых механик
Плазмаган;авто;common;20;
Подарочная крыса;авто;epic;40;
Поджопник;вручную;;;сложный текст: не собирается из базовых действий без новых механик
Подкрадулепитек;исключён;;;зависит от места в лидерборде
Подлое ружье;исключён;;;нужны действия вне сайта или ведущего
Подложенная свинья;вручную;;;сложный текст: не собирается из базовых действий без новых механик
Подсолнух;вручную;;;сложный текст: не собирается из базовых действий без новых механик
Пожиратор;исключён;;;зависит от онлайна
Помойная Крыса;вручную;;;сложный текст: не собирается из базовых действий без новых механик
Поросеночек;вручную;;;сложный текст: не собирается из базовых действий без новых механик
Поросячий талон;исключён;;;зависит от онлайна
Посох безумия;вручную;;;сложный текст: не собирается из базовых действий без новых механик
Посох грома;вручную;;;сложный текст: не собирается из базовых действий без новых механик
Предметный Лутбокс;вручную;;;сложный текст: не собирается из базовых действий без новых механик
Призрачный клинок;вручную;;;сложный текст: не собирается из базовых действий без новых механик
Проклятая Крыса;авто;common;15;
Проклятая маска Пепы;вручную;;;сложный текст: не собирается из базовых действий без новых механик
Проклятая Свинья;авто;legendary;60;
Проклятая Фея;исключён;;;зависит от онлайна
Проклятые Сапоги-скороходы;авто;common;25;
Проклятый Бомбический Свинопитек;вручную;;;сложный текст: не собирается из базовых действий без новых механик
Проклятый Воздушный змей;вручную;;;сложный текст: не собирается из базовых действий без новых механик
Пропеллер;вручную;;;сложный текст: не собирается из базовых действий без новых механик
Просроченное зелье магнетизма;вручную;;;сложный текст: не собирается из базовых действий без новых механик
Противотанковое ружье;вручную;;;сложный текст: не собирается из базовых действий без новых механик
Прыгательное зелье;исключён;;;зависит от онлайна
Птичкерс;авто;common;;
Пушка;вручную;;;сложный текст: не собирается из базовых действий без новых механик
Пчела;исключён;;;хлам и крафт
Пятый кубик;авто;epic;30;
Разрывная;вручную;;;сложный текст: не собирается из базовых действий без новых механик
Ракерштекс;вручную;;;сложный текст: не собирается из базовых действий без новых механик
Ракетная тяга;вручную;;;сложный текст: не собирается из базовых действий без новых механик
Распылитель;вручную;;;сложный текст: не собирается из базовых действий без новых механик
Редиска;исключён;;;зависит от онлайна
Редкая Граната;авто;epic;20;
Редкая Крыса;вручную;;;сложный текст: не собирается из базовых действий без новых механик
Редкая Рогатка;вручную;;;сложный текст: не собирается из базовых действий без новых механик
Редкая Фея;исключён;;;зависит от онлайна
Редкие Сапоги-скороходы;авто;epic;38;
Редкий Автомат;вручную;;;сложный текст: не собирается из базовых действий без новых механик
Редкий Бумеранг;вручную;;;сложный текст: не собирается из базовых действий без новых механик
Редкий Гремлин;авто;epic;20;
Редкий Динамит;авто;epic;20;
Редкий Пистолет;авто;epic;20;
Редкий Птичкерс;вручную;;;сложный текст: не собирается из базовых действий без новых механик
Редкий Томагавк;вручную;;;сложный текст: не собирается из базовых действий без новых механик
Редкое Вампирское лассо;вручную;;;сложный текст: не собирается из базовых действий без новых механик
Редкое Копье;авто;epic;22;
Редкое Светлое Пиво;авто;epic;25;
Редкое Темное Пиво;авто;epic;25;
Реквием по мечте;исключён;;;проверка по словам в названиях
Рельсотрон;вручную;;;сложный текст: не собирается из базовых действий без новых механик
Реролл;авто;epic;50;
Решаффл;вручную;;;сложный текст: не собирается из базовых действий без новых механик
Рикардо-флик;вручную;;;сложный текст: не собирается из базовых действий без новых механик
Рогатка;авто;common;;
Роза;авто;common;;
Рокетджамп;вручную;;;сложный текст: не собирается из базовых действий без новых механик
Ромашка;исключён;;;хлам и крафт
Ромашковый отвар;вручную;;;сложный текст: не собирается из базовых действий без новых механик
Рубин;вручную;;;сложный текст: не собирается из базовых действий без новых механик
Ружье негодяя;вручную;;;сложный текст: не собирается из базовых действий без новых механик
Рука Мидаса;исключён;;;золотые версии предметов
Рулетка;вручную;;;сложный текст: не собирается из базовых действий без новых механик
Рыбий жир;авто;common;15;
Рыбка;вручную;;;сложный текст: не собирается из базовых действий без новых механик
Рывок;вручную;;;сложный текст: не собирается из базовых действий без новых механик
Сапог;вручную;;;сложный текст: не собирается из базовых действий без новых механик
Сапоги-скороходы;авто;common;25;
Сапфир;вручную;;;сложный текст: не собирается из базовых действий без новых механик
Сброшенная чешуя Змеи;исключён;;;хлам и крафт
Светлое Пиво;авто;common;15;
Световой меч;исключён;;;зависит от онлайна
Свиной кубик;вручную;;;сложный текст: не собирается из базовых действий без новых механик
Свиномет;исключён;;;нужны действия вне сайта или ведущего
Свинопитек;авто;epic;30;
Свинья;авто;common;;
Свинья-копилка;вручную;;;сложный текст: не собирается из базовых действий без новых механик
Связка гранат;вручную;;;сложный текст: не собирается из базовых действий без новых механик
Сговор;вручную;;;сложный текст: не собирается из базовых действий без новых механик
Сельдерей;вручную;;;сложный текст: не собирается из базовых действий без новых механик
Семечки;вручную;;;сложный текст: не собирается из базовых действий без новых механик
Сено;вручную;;;сложный текст: не собирается из базовых действий без новых механик
Серьга удачи;вручную;;;сложный текст: не собирается из базовых действий без новых механик
Синий ежик;исключён;;;зависит от онлайна
Синяя маслина;вручную;;;сложный текст: не собирается из базовых действий без новых механик
Сладкий рулет;авто;epic;35;
Словарная Крыса;исключён;;;проверка по словам в названиях
Слонобой;вручную;;;сложный текст: не собирается из базовых действий без новых механик
Смородинка;авто;common;;
Снайперская винтовка;вручную;;;сложный текст: не собирается из базовых действий без новых механик
Снайперская рогатка;вручную;;;сложный текст: не собирается из базовых действий без новых механик
Снежок;вручную;;;сложный текст: не собирается из базовых действий без новых механик
Сова;вручную;;;сложный текст: не собирается из базовых действий без новых механик
Совиная шляпа;исключён;;;хлам и крафт
Сосиска;авто;common;22;
Спектрумовское зелье;вручную;;;сложный текст: не собирается из базовых действий без новых механик
Средний кубик;авто;epic;50;
Старый башмак;исключён;;;хлам и крафт
Супер-реролл;исключён;;;нужны действия вне сайта или ведущего
Счастливый кубик;авто;epic;30;
Съедобный Лутбокс;авто;epic;50;
Сыр;вручную;;;сложный текст: не собирается из базовых действий без новых механик
Сытый Гремлин;авто;common;15;
Сюрстреминг;авто;common;25;
Талисман Морико;вручную;;;сложный текст: не собирается из базовых действий без новых механик
Таро Моанн;вручную;;;сложный текст: не собирается из базовых действий без новых механик
Твикс;вручную;;;сложный текст: не собирается из базовых действий без новых механик
Темное Пиво;авто;common;15;
Токсичный Гремлин;вручную;;;сложный текст: не собирается из базовых действий без новых механик
Томагавк;вручную;;;сложный текст: не собирается из базовых действий без новых механик
Томат;авто;common;;
Топаз;вручную;;;сложный текст: не собирается из базовых действий без новых механик
Торт;авто;common;;
Тортик;авто;common;20;
Тостаровские кубики;вручную;;;сложный текст: не собирается из базовых действий без новых механик
Три зеленых маслины;вручную;;;сложный текст: не собирается из базовых действий без новых механик
Три красных маслины;вручную;;;сложный текст: не собирается из базовых действий без новых механик
Тройной Птичкерс;вручную;;;сложный текст: не собирается из базовых действий без новых механик
Троянская свинья;вручную;;;сложный текст: не собирается из базовых действий без новых механик
Удивительный Гремлин;вручную;;;сложный текст: не собирается из базовых действий без новых механик
Улучшенная Граната;авто;common;16;
Улучшенная Крыса;авто;common;25;
Улучшенная Рогатка;вручную;;;сложный текст: не собирается из базовых действий без новых механик
Улучшенная Фея;исключён;;;зависит от онлайна
Улучшенное Вампирское лассо;вручную;;;сложный текст: не собирается из базовых действий без новых механик
Улучшенное Копье;авто;common;26;
Улучшенное Светлое Пиво;авто;common;20;
Улучшенное Темное Пиво;авто;common;20;
Улучшенные Сапоги-скороходы;авто;epic;30;
Улучшенный автомат;вручную;;;сложный текст: не собирается из базовых действий без новых механик
Улучшенный Апперкот;вручную;;;сложный текст: не собирается из базовых действий без новых механик
Улучшенный Бумеранг;вручную;;;сложный текст: не собирается из базовых действий без новых механик
Улучшенный Гремлин;вручную;;;сложный текст: не собирается из базовых действий без новых механик
Улучшенный Динамит;авто;common;16;
Улучшенный Пистолет;авто;common;16;
Улучшенный Птичкерс;вручную;;;сложный текст: не собирается из базовых действий без новых механик
Улучшенный Томагавк;вручную;;;сложный текст: не собирается из базовых действий без новых механик
Утешительный приз;вручную;;;сложный текст: не собирается из базовых действий без новых механик
Фаерболл;вручную;;;сложный текст: не собирается из базовых действий без новых механик
Фея;исключён;;;зависит от онлайна
Хайверовская мошна;исключён;;;нужны действия вне сайта или ведущего
Хламотрон;исключён;;;хлам и крафт
Хмель;исключён;;;хлам и крафт
Ходулепитек;вручную;;;сложный текст: не собирается из базовых действий без новых механик
Хомяк;вручную;;;сложный текст: не собирается из базовых действий без новых механик
Хорадрический куб;исключён;;;проверка по словам в названиях
Хрен;вручную;;;сложный текст: не собирается из базовых действий без новых механик
Чай;вручную;;;сложный текст: не собирается из базовых действий без новых механик
Черная свеча;вручную;;;сложный текст: не собирается из базовых действий без новых механик
Черничка;авто;common;;
Чеснок;вручную;;;сложный текст: не собирается из базовых действий без новых механик
Читерская монетка;вручную;;;сложный текст: не собирается из базовых действий без новых механик
Читерский кубик;авто;legendary;75;
Шавуха;вручную;;;сложный текст: не собирается из базовых действий без новых механик
Шампур;вручную;;;сложный текст: не собирается из базовых действий без новых механик
Шашлык;авто;common;25;
Шелуха;исключён;;;хлам и крафт
Шляпа;исключён;;;хлам и крафт
Шляпа игрового ебуна;авто;common;20;
Шляпа кондитера;вручную;;;сложный текст: не собирается из базовых действий без новых механик
Шляпа пивовара;вручную;;;сложный текст: не собирается из базовых действий без новых механик
Шляпа рыбака;вручную;;;сложный текст: не собирается из базовых действий без новых механик
Шляпа фермера;вручную;;;сложный текст: не собирается из базовых действий без новых механик
Шоколадка;авто;common;15;
Шоколадная медаль;вручную;;;сложный текст: не собирается из базовых действий без новых механик
Шоколадный пудинг;исключён;;;зависит от онлайна
Щука;вручную;;;сложный текст: не собирается из базовых действий без новых механик
Экспериментальная винтовка;вручную;;;сложный текст: не собирается из базовых действий без новых механик
Экспериментальный варп-двигатель;вручную;;;сложный текст: не собирается из базовых действий без новых механик
Энергетик;вручную;;;сложный текст: не собирается из базовых действий без новых механик
Энергетический батончик;вручную;;;сложный текст: не собирается из базовых действий без новых механик
Эпическая Граната;авто;epic;;
Эпическая Крыса;вручную;;;сложный текст: не собирается из базовых действий без новых механик
Эпическая Рогатка;вручную;;;сложный текст: не собирается из базовых действий без новых механик
Эпическая Свинья;авто;epic;;
Эпическая Фея;исключён;;;зависит от онлайна
Эпические Сапоги-скороходы;авто;epic;;
Эпический Автомат;вручную;;;сложный текст: не собирается из базовых действий без новых механик
Эпический Апперкот;вручную;;;сложный текст: не собирается из базовых действий без новых механик
Эпический Бумеранг;вручную;;;сложный текст: не собирается из базовых действий без новых механик
Эпический Гремлин;авто;epic;;
Эпический Динамит;авто;epic;;
Эпический Лутбокс;авто;epic;75;
Эпический Пистолет;авто;epic;;
Эпический Птичкерс;вручную;;;сложный текст: не собирается из базовых действий без новых механик
Эпический Томагавк;вручную;;;сложный текст: не собирается из базовых действий без новых механик
Эпическое Вампирское лассо;вручную;;;сложный текст: не собирается из базовых действий без новых механик
Эпическое Копье;авто;epic;;
Эпическое Светлое Пиво;авто;epic;;
Эпическое Темное Пиво;авто;epic;;
Эффектная Крыса;авто;common;;
Эффектный Гремлин;авто;common;;
Эффектный Лутбокс;исключён;;;механика колёс из старых правил
Юла;вручную;;;сложный текст: не собирается из базовых действий без новых механик
Ядовитое облако;вручную;;;сложный текст: не собирается из базовых действий без новых механик
Ядро Мюнхгаузена;вручную;;;сложный текст: не собирается из базовых действий без новых механик
Ярбуз;вручную;;;сложный текст: не собирается из базовых действий без новых механик
Ястреб;вручную;;;сложный текст: не собирается из базовых действий без новых механик
Никак они, блядь, не дочитывают;исключён;;;нужны действия вне сайта или ведущего
Пиздец потел;вручную;;;сложный текст: не собирается из базовых действий без новых механик
Запрета депа;исключён;;;механика колёс из старых правил
Друзьяшки;исключён;;;даёт или забирает очки: у нас очки — это место в рейтинге
Подсос;исключён;;;даёт или забирает очки: у нас очки — это место в рейтинге
Реролл (2);исключён;;;механика колёс из старых правил
Вдохновение;вручную;;;сложный текст: не собирается из базовых действий без новых механик
Левая палочка Твикс;вручную;;;сложный текст: не собирается из базовых действий без новых механик
Правая палочка Твикс;исключён;;;механика колёс из старых правил
Помощь другу;исключён;;;даёт или забирает очки: у нас очки — это место в рейтинге
Обманка;вручную;;;сложный текст: не собирается из базовых действий без новых механик
Рыцарский турнир;исключён;;;нужны действия вне сайта или ведущего
Марафон;исключён;;;механика колёс из старых правил
Нету тела - Нету дела;вручную;;;сложный текст: не собирается из базовых действий без новых механик
Бабл;авто;epic;30;
Тараканьи бега;вручную;;;сложный текст: не собирается из базовых действий без новых механик
НАС РАТЬ;исключён;;;даёт или забирает очки: у нас очки — это место в рейтинге
НАС РАНО;исключён;;;даёт или забирает очки: у нас очки — это место в рейтинге
Гурман;вручную;;;сложный текст: не собирается из базовых действий без новых механик
Ложка меда в бочке меда;исключён;;;механика колёс из старых правил
